Analista Desenvolvedor Java Senior, Área e especialização profissional: Informática, TI, Telecomunicações - Programador / Desenvolvedor;Nível hierárquico: Analista;Local de trabalho: São Paulo, SP;A Alcateia Talentos Humanos, consultoria especializada em Seleção de Profissionais de TI, está busca de candidatos com o seguinte perfil.;Analista Desenvolvedor Java Nível Sênior;1. Pesquisa e aplicabilidade do conhecimento;2. Conhecimento de linguagens apropriadas para Microserviços;3. Conhecimento de Arquitetura e desenvolvimento na nuvem;4. Conhecimento de desenvolvimento utilizando tecnologias open source;5. Conhecimento em Java;6. Experiência em desenvolvimento utilizando banco de dados relacional e NoSQL;7. Python (Diferencial);8. Groovy;9. Spring;10. JMS;11. Angular (Diferencial);12. Node.js (Diferencial);13. Web Services;14. Sonar;15. Jenkins;16. JMeter;17. Softwares: DynamoDB e Elastic, Rabbit, Jboss, Postgree (Diferencial);18. Softwares: Rabbit, Jboss, Postgree (Diferencial);Local:  Zona Sul (próx à estação Conceição do Metrô);Contratação: CLT;Benefícios:  VR de 20,00 e Bradesco Saude;Escolaridade Mínima: Curso Técnico;Programação: Java, Python;Assistência médica, Vale-refeição
Analista Desenvolvedor Sênior, Área e especialização profissional: Informática, TI, Telecomunicações - Programador / Desenvolvedor;Nível hierárquico: Analista;Local de trabalho: São Paulo, SP;Integrar o Time de desenvolvimento Digital;Desenvolver soluções tecnológicas que façam parte da estratégia (Customizações, integrações e novos produtos);Desenvolver e manter APIs em nuvem e onPrem utilizando arquiteturas distribuídas;Trazer soluções práticas e inovadoras que possibilitem o desenvolvimento das soluções;Participar de Ritos ágeis;Competências Técnicas:;Javascript moderno (ES6, Typescript, etc.);;Python;Outras linguagens como diferencial;1+ anos de experiência com bancos relacionais;1+ anos de experiência com bancos não relacionais;2+ anos de experiência construindo e mantendo APIs em ambientes de produção;Experiência em projetos com Docker (Kubernetes diferencial);Ter participado de projetos em núvem com parceiros de mercado (AWS, Azure, GCP);Escolaridade Mínima: Ensino Superior;Programação: Java, JavaScript, Python
Analista De Desenvolvimento Jr, Área e especialização profissional: Informática, TI, Telecomunicações - TI;Nível hierárquico: Analista;Local de trabalho: São Paulo, SP;Desenvolver e sustentar automações de processos de carga e extração de bases para relatórios.;Pré requisitos:;Excel;PHP;MySQL;Python;Será considerado diferencial conhecimento em Data Studio.;Benefícios:;-. CONVÊNIOS EDUCACIONAIS;-. GYMPASS;-. PLANO DE CARREIRA;-. SEGURO DE VIDA;-. AO;-. VT;-. AM;-. TICKET RESTAURANTE;Escolaridade Mínima: Ensino Médio (2º Grau)
Analista De Desenvolvimento Ti - Programador, Área e especialização profissional: Informática, TI, Telecomunicações - TI;Nível hierárquico: Analista;Local de trabalho: Vinhedo, SP;Analista de Desenvolvimento;Atividades;==========;Desenvolvimento e sustentação de aplicações e sistemas internos;Analisar Incidentes da solução em clientes;Disponibilizar solução de contorno quando necessário;Validar/Monitorar a Solução após intervenções;Orientação do Cliente no esclarecimentos de dúvidas do sistema;Requisitos;==========;Sólidos conhecimentos em Linux, instalação e administração;Sólidos conhecimentos em linguagem de programação de sistemas(Como C, C++, Rust, Go e similares);Redes de computadores, TCP/IP e UDP;Docker/Containers;Conhecimentos de banco de dados MySQL/MariaDB ou PostgreSQL;Desejáveis;==========;Entendimento de Metodologias ágeis;Conhecimentos de eletrônica;Integração contínua;Visão de negócio, criativo e orientado a novas tecnologias;Escolaridade Mínima: Ensino Superior;Habilitação para dirigir;Veículo próprio;Disponibilidade para viajar;Banco de dados: Oracle, PostgreSQL, SQL Server;Programação: VB.Net, Ruby, R, Python, PHP, MATLAB, JavaScript, Java, HTML, Erlang, jQuery, Cuda extensions, CSS, COBOL, C++, C+, C#, C, ASP.Net, ASP, Dot Net;Aplicações de Escritório: StarOffice, Open Office, Microsoft Word, Microsoft PowerPoint, LibreOffice, Microsoft Excel, Microsoft Access, Lotus Notes, Microsoft Outlook;Sistemas Operacionais: Linux, JavaOS, Windows
Analista De Implantação - Pré Vendas, Área e especialização profissional: Informática, TI, Telecomunicações - Programador / Desenvolvedor;Nível hierárquico: Analista;Local de trabalho: São Paulo, SP;Atividades:;Entendimento de necessidade técnica, apresentação e defesa de soluções de PAM (Privileged Access Management) em clientes;;Análise de RFPs e editais;;Dimensionamento de produtos, serviços e apoio na elaboração de propostas técnicas para soluções PAM;;Coordenação e/ou realização de Provas de Conceito;;Participação no desenvolvimento de portfólio de soluções PAM;;Interação com revendas/canais para alinhamento técnico de projetos e soluções.;Participará de reuniões junto aos clientes;;Coordenação e/ou implantação de projetos de PAM em clientes.;Idioma: Inglês Fluente - Espanhol Intermediário;Conhecimentos:;API Restful Conhecimento Linux, Windows Server, Balanceadores de carga, Proxy, SQL, Redes TCP/IP, ActiveDirectory, Ldap, DevOps, Banco de Dados, Python, SNMP, Syslog, SIEM.;Não é necessário domínio em todas as tecnologias citadas, porém é desejável que tenha noções de como funcionam e os contextos em que se aplicam. Conhecimento em arquitetura Cloud (Pública e privada) -- -- Conhecimento em padrões de segurança (ISO 27000, PCI, HIPAA, LGPD);Escolaridade: Superior completo em áreas da tecnologia;Diferencial: Diferencial MBA/Pós em Segurança da informação, certificação CCNA, Security+, LPI-1, LPI-2, Certificação ITIL, COBIT, SCRUM, trabalhou com vendas.;Benefícios: VT, VR, Convênio Bradesco, Gympass/  PJ + Benefícios: Gympass e 20 dias de férias remunerados.;Disponibilidade para viagens Idade entre 28 e 35 anos;Escolaridade Mínima: Ensino Superior;Inglês (Avançado), Espanhol (Intermediário);Disponibilidade para viajar;Assistência médica, Vale-refeição, Vale-transporte
Analista Programador - Ia, Área e especialização profissional: Informática, TI, Telecomunicações - Programador / Desenvolvedor;Nível hierárquico: Analista;Local de trabalho: São Paulo, SP;Buscamos profissionais comprometidos com o desenvolvimento da empresa e de suas próprias habilidades, que possuam conhecimento em python, machine learn e deep learn para integrar nosso time de desenvolvedores.;Formação Superior em Ciências da Computação, Engenharia da Computação, Analise e desenvolvimento de Sistemas ou áreas afins.;Será considerado diferencial para esta  conhecimentos em Tensor Flow, AWS Lambda, RDS , PostgreSQL, processamento de imagens, OCR;Escolaridade Mínima: Ensino Superior;Inglês (Avançado);Assistência médica, Assistência odontológica, Auxílio creche, Participação nos lucros, Previdência Privada, Seguro de Vida, Vale-alimentação, Vale-refeição, Vale-transporte
Analista Programador .Net, Área e especialização profissional: Informática, TI, Telecomunicações - Programador / Desenvolvedor;Nível hierárquico: Analista;Local de trabalho: São Paulo, SP;Atuar com desenvolvimento de Front-End e Back-End de aplicações Web;;Desenvolver os requisitos dos projetos conforme definições de negócio e técnico;;Propor soluções inovadoras para melhoria contínua do software;;Realizar testes funcionais dos desenvolvimentos realizados;;Experiência em desenvolvimento de aplicações Web utilizando as ferramentas: MS Visual Studio 2017, VSCode, Crystal Report, SQL Server 2016 (transact SQL) e Azure Devops.;Conhecimentos avançados em:;Angular, Bootstrap, ASP.NET Core, ASP.NET MVC, TypeScript, WebAPI/WCF (Rest e SOAP), C, HTML5, CSS3, JavaScript, Jquery, Entity Framework SOLID.;Escolaridade Mínima: Ensino Superior;Inglês (Intermediário);Programação: ASP, VB.Net, Ruby, R, Python, PHP, MATLAB, jQuery, JavaScript, Java, HTML, Dot Net, Cuda extensions, CSS, COBOL, C++, C+, C#, C, ASP.Net, Erlang;Sistemas Operacionais: NetBSD;Outros programas: ERP;Assistência médica, Assistência odontológica, Vale-refeição, Vale-transporte
Analista Programador Php, Área e especialização profissional: Informática, TI, Telecomunicações - Programador / Desenvolvedor;Nível hierárquico: Analista;Local de trabalho: Barueri, SP;Desenvolver e efetuar manutenção em sistemas com as linguagens: Linux OS, PHP, MySQL, Laravel, CakePHP, CSS, JavaScript, Ionic.;Necessários bons conhecimentos em: Windows OS, Mac OS, Ruby on rails, Framework Phalcon4, PostgreSql, MongoDB, Node.js, Express.js, Angular, Gerenciamento AWS e boa lógica de programação.;Regime de contratação: Prestador de serviços (PJ);Horário: De segunda a sexta, das 8h às 17h.;Local: Avenida Paulista;Escolaridade Mínima: Ensino Superior;Banco de dados: PostgreSQL, SQL Server;Programação: CSS, jQuery, PHP, Python;Aplicações de Escritório: Microsoft Excel;Sistemas Operacionais: JavaOS, Linux, Mac OS, Windows
Analista Programador - Python, Área e especialização profissional: Informática, TI, Telecomunicações - Programador / Desenvolvedor;Nível hierárquico: Analista;Local de trabalho: São Paulo, SP;Descrição:;Irá realizar as fases de elaboração de requisitos e da programação de sistemas, desenvolve, testa e implementa. Conhece tecnicamente as fases das atividades, identifica e orienta na solução de problemas. Elabora, coordena e orienta atividades de correção e manutenção dos programas. Codifica e realiza os testes, prepara documentação e produz manuais de operação. Realiza a implementação e a manutenção de novos sistemas. Ajusta sistemas existentes para acompanha as mudanças e necessidades dos usuários.;Qualificação:;Competências técnicas necessárias: Experiência em RPA com e sem ferramentas, Programação Python para automação operacional (WebScrapping).;Conhecimento desejável: Desejável conhecimento de React, Conhecimento dos framework Django é diferencial.;Formação:;Nível superior em algum curso de tecnologia concluído ou próximo do término.;Local de trabalho:;São Paulo / SP;Escolaridade Mínima: Ensino Superior;Assistência médica, Assistência odontológica, Cesta básica, Vale-alimentação, Vale-refeição, Vale-transporte
Analista De Sistemas - C, React-Native, Sql, Área e especialização profissional: Informática, TI, Telecomunicações - Programador / Desenvolvedor;Nível hierárquico: Analista;Número de vagas: 2;Local de trabalho: São Paulo, SP;Profissional responsável por desenvolver aplicações para dispositivos móveis e um portal web usando React-Native no front-end e C/SQL/PostgresSQL como back-end.;Escolaridade Mínima: Ensino Superior;Português (Avançado), Inglês (Básico);Banco de dados: Oracle, PostgreSQL, SQL Server;Programação: ASP.Net, C#, HTML, Java, JavaScript, jQuery, Python;Sistemas Operacionais: Linux, Windows;Assistência médica, Comissões
Analista De Sistemas Senior - Web Python, Área e especialização profissional: Informática, TI, Telecomunicações - Programador / Desenvolvedor;Nível hierárquico: Analista;Local de trabalho: São Paulo, SP;Ensino Superior completo;;Experiência mínima de 6 anos atuando com desenvolvimento de sistemas, sendo 2 anos atuando como Analista Sênior;;Sólidos conhecimentos no desenvolvimento web com: Python 3x, Flask, Django;;Sólidos conhecimentos em HTML, CSS, JavaScript;;Experiência com algum dos frameworks JavaScript (Angular, Vue, React);;Habilidade com desenvolvimento em ambientes Linux;;Aplicação de boas práticas de programação (clean code);;Sólidos conhecimentos em Design Patterns e Orientação a objeto;;PEP 8 - Style Guide for Python Code;Sólidos conhecimentos no desenvolvimento de serviços Windows e Web (asmx e web.api, utilizando protocolos SOAP e REST);;Experiência com banco de dados Sql Server, Procedures, Triggers, Functions;;Conhecimento em ferramentas de controle de versão (TFS, Git);;Já ter trabalhado com Docker;;Já ter trabalhado com Redis;;Experiência com Metodologia Ágil (Scrum);;Já ter trabalhado em projetos utilizando Python com Flask;Escolaridade Mínima: Ensino Superior;Assistência médica, Assistência odontológica, Auxílio farmácia, Vale-transporte
Analista Sr De Ciência De Dados - Business Analytics, Área e especialização profissional: Informática, TI, Telecomunicações - Programador / Desenvolvedor;Nível hierárquico: Analista;Local de trabalho: Barueri, SP;Quais serão as suas responsabilidades?;Desenvolver modelos de Machine Learning para endereçar problemas de negócios e alavançar resultados;;Otimização e Automatização de processos preditivos;;Desenvolver processos automáticos por meio da ferramenta SAS Guide, além de outras ferramentas de mercado, para garantir velocidade de entrega e assertividade no desenvolvimento de mailings para o público varejo;;Contribuir com o desenvolvimento de estudos que possibilitem o ganho de performance para vendas na central de atendimento. Por meio de aquisição de dados externos e internos e estruturando esses processos para maior assertividade de modelos estatísticos;;Desenvolver modelos de vendas baseadas em técnicas estatísticas e de Machine Learning como modelo de propensão, modelo de churn, de Cross Sell entre outros;;Manipular as bases disponibilizadas pelos diversos sistemas, garantindo a qualidade e equidade com os relatórios disponibilizados pelos sistemas origem;;Desenvolver e atualizar manuais / documentações dos processos implantados para apuração, geração de relatórios e afins, assegurando assim a gestão do conhecimento da automatização do processo na ferramenta SAS Guide.;Do que você precisa?;Formação Superior completa: Estatístico, Matemático, Sistema de Informação ou correlatas;;Pacote Office Avançado;;SAS Guide  e SAS Base Avançado;;Programação avançada em R e Python;Conhecimentos de ETL;;Inglês: Intermediário.;O que você vai encontrar aqui?;Flexibilidade de horário e dress code;Oportunidades de crescimento e desenvolvimento;Reconhecimento meritocrático;Ambiente de trabalho criativo e descontraído;Happy Friday;Escolaridade Mínima: Ensino Superior;Programação: Java, Python, R;Assistência médica, Assistência odontológica, Auxílio combustível, Auxílio creche, Estacionamento, Participação nos lucros, Previdência Privada, Seguro de Vida, Vale-alimentação, Vale-refeição, Vale-transporte
Arquiteto Cloud, Área e especialização profissional: Informática, TI, Telecomunicações - Programador / Desenvolvedor;Nível hierárquico: Operacional;Local de trabalho: Campinas, SP;Conhecimento em soluções de Cloud públicas e privadas (AWS/GCP), IaaS/PaaS, containers (docker), orquestração (kubernetes, ECS);;Conhecimento comprovado em arquitetura, implantação e operação de ambientes de missão crítica em nuvem;;Capacidade técnica e argumentativa para conduzir reuniões técnicas com clientes, negociando estratégias e apresentando alternativas;;Experiência com monitoramento de ambientes (Zabbix, Prometheus, Grafana) e gerenciamento de logs (Elasticsearch, Logstash, Kibana);;Experiência em linux (serviços, troubleshooting); Infraestrutura como código (terraform, helm); Configuração como código (chef, puppet);;Desenvolvimento e manutenção de pipelines de CI/CD; Desenvolvimento e evolução de scripts (python, shell);;Conhecimentos em APIs e REST; Redes (segmentação, ferramentas de debug, VPN).;Escolaridade Mínima: Ensino Superior
Coordenador De Desenvolvimento Java - Sustentação De Aplicações, Área e especialização profissional: Informática, TI, Telecomunicações - Programador / Desenvolvedor;Nível hierárquico: Coordenador;Local de trabalho: São Paulo, SP;Garantir a estabilidade, escalabilidade e confiabilidade dos Sistemas sob sua gestão;;Responsável pela interação com times de sustentação em outros países;;Definir, implementar e manter processo de análise de impacto e processo de Transition to Run(T2R);;Definir, implementar e manter processo de Monitoramento Contínuo;;Definir e implementar Dashboard com KPIs de acompamhamento da área;;Garantir que todas as soluções técnicas estejam alinhadas a estratégia do negócio e da companhia;;Antecipar possíveis problemas técnicos e sugerir alternativas para evitá-los;;Manter e evoluir nossas soluções, visando itens de EOL, EOVS, alta qualidade e que atendam às melhores práticas de padrões de codificação e design;;Auxiliar e validar as especificações de novas funcionalidades (trazendo o ponto de vista técnico);;Estabelecer e manter processo de melhoria contínua para os temas de Alertas, Aborts e Problemas;;Apoiar nossos arquitetos nos desafios tecnológicos, analisar e propor arquitetura, implementação de novas funcionalidades na plataforma;;Promover e fortalecer na equipe senso de  e criticidade;;Promover na equipe o desenvolvimento de experiências inovadoras com interfaces de alta performance e escaláveis;;Promover/Suportar crescimento técnico da equipe e indivíduos;;Disseminar o conhecimento evitando a formação de ilhas de conhecimento;;Contribuir e suportar a equipe de desenvolvimento nas tomadas de decisões, estabelecendo e promovendo autonomia de forma assistida, removendo impedimentos/dúvidas;;Responsável pelo processos de deploy, facilitando o delivery das demandas (juntamente com o time, Tribe Lead e Squad Lead);;Responsável pela quantidade de demandas de falha em produção;;Responsável por identificar, mapear e priorizar débitos técnicos, visando redução de custos operacionais e perfomance da aplicação;;Fortalecer a cultura de Application Support Management.;Tecnologias: Java, Javascript, Angular, React, HTML5 + CSS, Asp.NET Core, MVC, Apigee, Ruby On Rails, Python, Node, Json, Mobile (IOs e Android) Swift, Cotlin, Ionic, Flutter.;Certificações ITIL e/ou COBIT.;Escolaridade Mínima: Ensino Superior
Data Engineer - Just A Little Data, Área e especialização profissional: Informática, TI, Telecomunicações - Programador / Desenvolvedor;Nível hierárquico: Especialista;Local de trabalho: São Paulo, SP;para atuar como engenheiro de dados, estruturando e criando rotinas;para a criação/manutenção de banco de dados, garantindo assim a disponibilidade e;qualidade dos dados.;Habilidades necessárias (nível exigido):;SQL ou NoSQL (nível avançado);Banco de dados – SQL Server, MySQL ou PostgreSQL (nível avançado);ETL (nível intermediário);Cloud Platform – Google Cloud, AWS ou Azure (nível básico);Diferenciais:;Data visualization – Tableau, Power BI ou Data Studio;R ou Python;Sistema Linux;Hadoop ou Spark;APIs;Escolaridade Mínima: Ensino Superior;Inglês (Avançado - Requerido);Banco de dados: Oracle, PostgreSQL, SQL Server;Vale-refeição
Desenvolvedor Back-End - Pleno, Área e especialização profissional: Informática, TI, Telecomunicações - Programador / Desenvolvedor;Nível hierárquico: Analista;Local de trabalho: São Paulo, SP;Empresa startup no ramo financeiro, construção de operação automatizada com robôs para operação da bolsa financeira. Experiência em construção de software do zero, data Science. Ótimo ambiente para trabalho, buscamos profissionais que queiram vestir a camisa e crescer junto com a empresa, trabalho remoto inicialmente, porém buscamos profissionais que queiram atuar no interior de SP futuramente ou em situação de flyback. Excelente ambiente corporativo, a empresa disponibiliza todo o suporte para execução do trabalho remoto (máquina se necessário e programas). Contratação PJ com benefícios.;Requisitos Técnicos:;Boa experiência em desenvolvimento de software e boas práticas, OOP, clean code e design patterns, experiência com construção de back-end, microserviços, APIs, Phyton, Java, SQL, MySQL, PostgreSQL, SQLite, H2, Apache Cassandra, Mongo DB, Apache Spark.;Desejável:;Bibliotecas Phyton, Pandas, Seaborn, Numpy e Matplotlib. C ou C++, computação em nuvem (AWS, Azure, Google Cloud Platform).;Escolaridade Mínima: Ensino Superior;Português (Nativo - Requerido);Habilitação para dirigir;Veículo próprio;Disponibilidade para viajar;Disponibilidade para mudar de residência;Banco de dados: PostgreSQL, SQL Server;Programação: C, C++, Java, MATLAB, Python
Desenvolvedor Backend Bi - Python/Django, Área e especialização profissional: Informática, TI, Telecomunicações - Programador / Desenvolvedor;Nível hierárquico: Especialista;Local de trabalho: São Paulo, SP;Requisitos:;Experiência em desenvolvimento de API/Microserviço em Rest com Django ou Flask, Python 3, testes unitários, integração contínua.;Experiência em Cloud, preferência para AWS ou Azure. Desejável conhecimento em SQL (PostgreSQL) e noSQL.;Local de atuação: Chácara Santo Antônio – São Paulo;Escolaridade Mínima: Ensino Superior
Desenvolvedor Backend Node Sênior, Área e especialização profissional: Informática, TI, Telecomunicações - Programador / Desenvolvedor;Nível hierárquico: Analista;Local de trabalho: São Paulo, SP;formação técnica e experiência em desenvolvimento de software;;Habilidade com TDD, BDD e automação de testes;;Experiência com CI/CD;;Experiência com AWS;;Experiência em nodejs ES6+ com experiência na stack express;;GRAPHQL;Diferencial se já tiver experiência com as linguagens: Javascript, Python, Swift, GO, Scala ou Java.;Local de trabalho: Centro - SP (Metrô São Bento);Remuneração a combinar.;Escolaridade Mínima: Ensino Superior
Desenvolvedor De Dados, Área e especialização profissional: Informática, TI, Telecomunicações - Programador / Desenvolvedor;Nível hierárquico: Especialista;Local de trabalho: São Paulo, SP;Requisitos Necessários:;•	Conhecimento em alguma plataforma de BI de mercado (PowerBI, Tableau, QlikView ou QlikSense);;•	Conhecimentos avançados em SQL (MySQL, PostgreSQL, SQLServer, Oracle);;•	Conhecimento em ferramentas de ETL (Pentaho, Apache NiFi, Alteryx, etc);;•	Conhecimento em Data Visualization.;Diferenciais que podem agregar:;•	Conhecimento em alguma linguagem de desenvolvimento, preferencialmente Python;;•	Conhecimento em data engineering, data flow;;•	Ter implementado ou participado de processos de criação de projetos de migração de dados;;•	Conhecimentos avançados em Excel;;•	Conhecimentos em Apache Spark, Apache Hadoop;;•	Graduação Tecnologia (Analise de Sistemas, Banco de Dados, Ciências da Computação, Big Data).;Benefícios:;-. VR;-. VT;-. CM;-. CO;Escolaridade Mínima: Ensino Médio (2º Grau)
Desenvolvedor & Engenheiro Software, Área e especialização profissional: Informática, TI, Telecomunicações - Programador / Desenvolvedor;Nível hierárquico: Analista;Local de trabalho: São Paulo, SP;Desenvolvedor & Engenheiro Software - Inovações;Estamos a procura de profissionais com paixão para aprender , desenvolver e apresentar soluções inovadoras, criar relacionamentos e soluções que criam valor para nossos cliente e com desejo e disposição para crescimento constante.;Buscamos profissionais que tenham experiência em:;Desenvolvimento de Software de Gestão Empresarial ( ERP, CRM. PDV e similares ), E-commerce e/ou meios de pagamentos;Segmentos : Preferencialmente em Varejo;Tecnologias : Html 5, CSS, Angular, Typescript, JavaScript, Bootstrap, jQuery, API REST, SOAP, Delphi xe6.;- Banco de dados:  Mysql ; Oracle e SQL Server;Atitudes;Bom Humor;Comprometimento com prazos e metas;Disposição a trabalhar em equipe;Proatividade;Disposição em aprender e se aperfeiçoar;Liderança;Imprescindível;Habilidade de realizar reuniões em Inglês e/ou Espanhol;Disposição a viajar;Estar de acordo com nossos valores ( abaixo );Formação superior compatível;Nossos Valores:;Interesse genuíno no sucesso dos clientes, parceiros e da nossa organização;Tomada de decisões baseadas em fatos e dados;Atuar como startup;Ter sentimento e atitude de dono;O desafio de um é o desafio de todos;Tornar o complexo em simples;Escolaridade Mínima: Ensino Superior;Português (Avançado - Requerido), Inglês (Avançado - Requerido), Espanhol (Intermediário);Banco de dados: Oracle, SQL Server;Programação: C+, HTML, jQuery, PHP, Python, R;Outros programas: CRM, ERP
Desenvolvedor Front End - Home Office, Área e especialização profissional: Informática, TI, Telecomunicações - Programador / Desenvolvedor;Nível hierárquico: Especialista;Local de trabalho: São Paulo, SP;Será responsável por fazer melhorias e implementar UI/UX na plataforma, manter e implementar ferramentas de analytics, Google Analytics e Matomo são as que trabalhamos hoje. Necessário conhecimento em Gitflow, Vue.js e UI / UX.;Conhecimento e experiência em programação e linguagem de programação.;Escolaridade Mínima: Ensino Superior;Banco de dados: Caché, SQL Server, PostgreSQL, Oracle, Sybase, Informix, Firebird, DB2, Interbase;Programação: HTML, R, Python, PHP, MATLAB, jQuery, JavaScript, Java, Erlang, C++, Cuda extensions, CSS, COBOL, Ruby, C+, C#, C, ASP.Net, ASP, Dot Net, VB.Net
Desenvolvedor Front-End Júnior, Área e especialização profissional: Informática, TI, Telecomunicações - Programador / Desenvolvedor;Nível hierárquico: Analista;Local de trabalho: São Paulo, SP;A educação do futuro, hoje!;Se você busca desenvolver uma carreira desafiadora e cheia de aprendizados, queremos você aqui.;Nosso ambiente de inovação:;Respiramos educação de qualidade;;Aprendemos constantemente;;Valorizamos um ambiente de trabalho que estimula a criatividade e o bem-estar;;Somos uma startup. Aqui é preciso questionar e inovar!;Confira essa super oportunidade!;Requisitos:;Formação em Sistemas de Informação, Tecnologia da Informação, Analise e Desenvolvimento de Sistema e áreas correlatas.;Experiência em desenvolvimento de sites, Wordpress  ou outros CMS;Conhecimento em JavaScript e rpogramação geral, HTML5 e CSS;Inglês Intermediário;Você será responsável por:;?	Criar o curso DMI | ESPM no Canvas;;?	Desenvolver sites educacionais em HTML5;?	Operar API de baixa complexidade (Automatizar Google Docs);?	Elaborar Objetos de Aprendizagem Digital (Articulate);Benefícios:;Regime de contratação CLT;Salário compatível com o mercado;Vale refeição  20,00/dia;Refeitório no local;Vale transporte de acordo com deslocamento;Plano de Saúde GNDI após 90 dias de contratação;Plano Odontológico Porto Seguro após 90 dias de contratação;Dress code flexível;Ambiente agradável e amigável;Contato e aprendizado constante;Escolaridade Mínima: Ensino Superior;Português (Nativo - Requerido), Inglês (Intermediário - Requerido);Programação: C, C#, C+, C++, CSS, HTML, Java, JavaScript, PHP, Python, Ruby;Gráficos/Web: Adobe Ilustrator;Assistência médica, Assistência odontológica, Auxílio Educação, Refeição no local, Vale-refeição, Vale-transporte
Desenvolvedor Full Stack, Área e especialização profissional: Informática, TI, Telecomunicações - Programador / Desenvolvedor;Nível hierárquico: Especialista;Local de trabalho: São Paulo, SP;Buscamos um desenvolvedor/a Full Stack Pleno-Sênior, com experiência na área.;Irá atuar no desenvolvimento e outras muitas iniciativas de inovação tecnológica, buscando acelerar e facilitar o desenvolvimento de diversos projetos.;Será responsável pelo desenho técnico, direcionamento de soluções para projetos transversais;;COMPETÊNCIAS PESSOAIS;Autodidata,;Pro-ativo/a,;Foco em resultado,;Comprometimento,;Atração por desafios e aprender muitas coisas novas.;Requisitos para a;Curso superior completo ou em andamento em Ciências da Computação,;Engenharia de Software,;Análise de Sistemas ou cursos relacionados ou experiência equivalente.;Desenvolvimento com C ASPNET CORE (para WEB:backend e frontend), MSSQL, API Rest, Javascript.;CONHECIMENTO DESEJAVEL:;Conhecimentos básicos de desenvolvimento web NodeJS, Python,Angular, React ou de aplicativos Xamarin .;Escolaridade Mínima: Ensino Superior
Desenvolvedor Full Stack - Junior, Área e especialização profissional: Informática, TI, Telecomunicações - Programador / Desenvolvedor;Nível hierárquico: Especialista;Local de trabalho: Caieiras, SP;Conhecimento pleno de PHP, Laravel;Experiência e convivência com PHP;Experiência e convivência com HTML, CSS;;Experiência e convivência com MySQL;;Experiência e convivência com Java Scrit, Node JS, Angular;;Conhecer Django, Python é um diferencial;Escolaridade Mínima: Ensino Superior;Português (Nativo), Inglês (Intermediário);Banco de dados: SQL Server;Programação: CSS, HTML, Java, JavaScript, jQuery, PHP, Python;Auxílio combustível, Bônus por resultado, Vale-alimentação, Vale-transporte
Desenvolvedor Full Stack - Python/Angular, Área e especialização profissional: Informática, TI, Telecomunicações - Programador / Desenvolvedor;Nível hierárquico: Especialista;Local de trabalho: São Paulo, SP;Requisitos:;Desenvolvimento em linguagem Python, JavaScript e Angular. Conhecimento sobre Docker e Git.;Desenvolvimento de testes unitários e automatizados.;Conhecimento sobre deploys automáticos.;Desejável:;Conhecimento sobre Chatbots, Watson e Blip.;Conhecimento sobre AWS, Azure.;Local de atuação: Chácara Santo Antônio – São Paulo;Escolaridade Mínima: Ensino Superior
Desenvolvedor Java - Analista, Área e especialização profissional: Informática, TI, Telecomunicações - Programador / Desenvolvedor;Nível hierárquico: Especialista;Local de trabalho: São Paulo, SP;Descrição:;Irá atuar como desenvolvedor Java.;Qualificação:;Experiência mínima de 3 anos;Java e Spark;Experiência com arquiteturas orientadas a data e serviços;Experiência em ambientes Big Data (Hadoop e MapR);Conhecimentos de BD teradata;Larga experiência em ETL (talend, Informatica ou abinito);Nível de inglês +B2;Conhecimentos em Hive, Impala, Kafka, Sqoop;Conhecimentos em linguagem Java, javascript, scala, python;Conhecimento funcional de banca;Experiência a trabalhar em metodologia agile;Nível de frances +B1;Formação:;Ensino superior completo.;Escolaridade Mínima: Ensino Superior
Desenvolvedor Java - Back End Java., Área e especialização profissional: Informática, TI, Telecomunicações - Programador / Desenvolvedor;Nível hierárquico: Analista;Local de trabalho: São Paulo, SP;Empresa que atua no mercado tecnológico realizando consultoria no desenvolvimento de soluções em sistemas de informação, estratégias para intranet/internet, fábrica de software e outsourcing, buscamos profissionais com o seguinte perfil: Back End Java.;Conhecimentos:;Java Spring, microserviços, Kafka, AWS, TDD e Phyton.;Entender problemas técnicos ou de negócio e desenvolver soluções através de código. Interagir com demais áreas envolvidas nos projetos, para definição das soluções e a manutenção dos sistemas. Definir e elaborar arquitetura de novos componentes ou serviços.;Local:  Vila Cordeiro - SP;Escolaridade Mínima: Ensino Superior;Programação: Java, JavaScript, Python;Assistência médica, Vale-alimentação, Vale-refeição
Desenvolvedor Java, Área e especialização profissional: Informática, TI, Telecomunicações - Programador / Desenvolvedor;Nível hierárquico: Especialista;Local de trabalho: São Paulo, SP;Para esta oportunidade você precisa conhecer bem:;Orientação a Objetos, Linguagem Java e Java EE (especialmente Servlets e JSP);Arquitetura de Software e Design Patterns;Algum Framework MVC (de preferência vRaptor, Spring MVC ou Struts 2);Banco de Dados Relacionais (SQL) e JPA/Hibernate;Git ou Mercurial;Inglês para Leitura.;Perfil FullStack de Front-end Web (HTML, CSS, Javascript, jQuery)  e conhecer algum dos Frameworks de Frontend Web Modernos (AngularJS ou ReactJS ou EmberJS)..;Altamente desejável:;Conhecimentos de AWS (Amazon Web Services): S3, DynamoDB, SQS, Lambda, EC2, ELB, RDS;Experiência com TDD (Test Driven Development) e/ou BDD (Behavior Driven Development);Experiência com desenvolvimento de APIs RESTful;Diferenciais:;Experiência com Desenvolvimento Ágil de Software (Scrum, Kanban, XP, Lean);Frameworks de Frontend Web Modernos (AngularJS, ReactJS, EmberJS);Linguagens Groovy, Scala, Python;Conhecimentos em programação funcional e imutabilidade;Conhecimentos em bancos de dados NoSQL (MongoDB, DynamoDB, Elasticsearch etc);Experiência com Testes de Integração e Aceitação;Experiência com Processos de Integração e Deploy contínuo;Experiência com desenvolvimento de sistemas distribuídos;Conhecimento em Sistemas de HelpDesk e Gestão de Projetos;Contribuições em Projetos OpenSource (envie-nos sua conta do GitHub ou similar).;Escolaridade Mínima: Ensino Superior;Inglês (Intermediário);Assistência médica, Assistência odontológica, Auxílio creche, Auxílio Educação, Estacionamento, Vale-refeição, Vale-transporte
Desenvolvedor Java - Frontend, Área e especialização profissional: Informática, TI, Telecomunicações - Programador / Desenvolvedor;Nível hierárquico: Especialista;Local de trabalho: São Paulo, SP;Stack Frontend;Requisitos:;Angular (Versões de 2 a 7);Integração de microserviços Java;Type Script;Java Script (ES5 e ES6);HTML, HTML 5;CSS, CSS3;Orientação a objeto;Noções de UX/UI;SASS;Google Analytics;Aplicações web responsivas;Diferencial: Conhecimentos em Flutter/Dart;Escolaridade Mínima: Ensino Superior;Inglês (Intermediário - Requerido);Programação: Java, JavaScript, PHP, Python;Sistemas Operacionais: JavaOS;Assistência médica, Vale-alimentação, Vale-refeição, Vale-transporte
Desenvolvedor Mobile, Área e especialização profissional: Informática, TI, Telecomunicações - Programador / Desenvolvedor;Nível hierárquico: Especialista;Local de trabalho: São Paulo, SP;Desenvolvedor Mobile (Flutter);Perfil:;Comprometimento com o time, vontade de aprender e dedicação;Objetivo:;Transformar a arte enviada pelos designers em telas funcionais;Atividades:;Codificar / Desenvolver telas e/ou funcionalidades de acordo com a demanda;Requisitos técnicos:;Conhecimento básico em Dart;Consumo de dados de API REST;Conhecimento básico ou intermediário em alguma linguagem backend (Java, PHP, Node.js, .NET, Python, etc);Conhecimento avançado em uma das seguintes tecnologias: Android, iOS, Flutter,  React Native;Experiência com metodologia ágil.;Desejável pelo menos 1 app publicado nas lojas;Escolaridade Mínima: Ensino Superior
Desenvolvedor - Node Js, Área e especialização profissional: Informática, TI, Telecomunicações - Programador / Desenvolvedor;Nível hierárquico: Especialista;Local de trabalho: Santana de Parnaíba, SP;Promover aplicações e programas com o Node.js, propondo as melhores soluções técnicas no processo de desenvolvimento, além de ser responsável pela implantação do projeto e manutenção dos sistemas.;Conhecimento profundos em JavaScript, Node JS(Koa, Express), React Native;Conhecimento em Hooks e Redux;Conhecimento em HTML, CSS, WSDL, XML;Conhecimento em software contêiner (Docker, Docker Compose);Conhecimento em Microserviços;Conhecimento em programação funcional;Conhecimento em SQL/PLSQL;Conhecimento em bancos de dados relacional e não relacional;Conhecimento em integrações SOAP e REST;Experiência com ferramentas de versionamento de código e desenvolvimento colaborativo (ex.: GitHub, Bitbucket, Gitlab etc);Superior completo em Tecnologia da Informação ou áreas as fins.;Local de trabalho: Vale do Paraíba - São Paulo;Escolaridade Mínima: Ensino Superior;Programação: ASP, VB.Net, Ruby, R, Python, PHP, jQuery, JavaScript, Java, HTML, MATLAB, Dot Net, Cuda extensions, CSS, COBOL, C++, C+, C#, C, ASP.Net, Erlang;Sistemas Operacionais: UNIX, Solaris, NT 4.0, NetBSD, FreeBSD, Linux, JavaOS, IBM OS, VMS, Mac OS, Windows;Assistência médica, Assistência odontológica, Seguro de Vida, Vale-alimentação, Vale-refeição
Desenvolvedor Pyhton Jr, Área e especialização profissional: Informática, TI, Telecomunicações - Programador / Desenvolvedor;Nível hierárquico: Especialista;Local de trabalho: São Paulo, SP;Conhecimento de Python;Conhecimento de Redis;Experiência de 2 anos em programação;Alguma experiência em projetos;Trabalho 100% remoto;Escolaridade Mínima: Ensino Superior
Desenvolvedor Python, Área e especialização profissional: Informática, TI, Telecomunicações - Programador / Desenvolvedor;Nível hierárquico: Encarregado;Local de trabalho: São Paulo, SP;? Sobre a :;Irá atuar no time de Desenvolvimento e Evolução da ferramenta APPSafe, que massifica e auxilia no processo de automatização de testes integrados, permitindo a manipulação de parâmetros e regras de negócios, e retornando o impacto destas manipulações.;? Requisitos;Usar GitFlow e conhecimentos básicos com git (labs/hub);Kanban e ou Scrum;Boas práticas de desenvolvimento;Conhecimentos básicos ou teóricos com automação de testes (desejável);Práticas de CI/CD;Saber trabalhar com frameworks de mercado (Django e Pyhton);Saber básico de env (virtual / pip / mkvirtualenv);Conhecimentos básicos sobre arquitetura de APIs (consumir e construir);Conhecimentos Mongo e ou CouchDB (NoSql);Local: São Paulo - (SP) - Faria Lima;Período: Indeterminado;Modelo de Contratação: CLT + Benefícios (VT + VR + Plano de saúde + Seguro de vida + Estudo e certificação incentivados + Plano de carreira + PLR);Escolaridade Mínima: Ensino Superior;Assistência médica, Auxílio Educação, Participação nos lucros, Seguro de Vida, Vale-refeição, Vale-transporte
Desenvolvedor Python Junior (Cientista De Dados), Área e especialização profissional: Informática, TI, Telecomunicações - Programador / Desenvolvedor;Nível hierárquico: Analista;Local de trabalho: São Paulo, SP;A Plugify, startup do segmento de locação de equipamentos, busca desenvolvedores Python para projetos internos de data science.;Requisitos Necessários:;Experiência de 2 anos com Python;Formação em Engenharia da Computação, Ciência da Computação ou Análise de Sistemas;Conhecimento em bancos de dados relacionais e NoSQL;Controle de versão com GIT;Experiência com Django ou Flask;Familiaridade com ambiente Linux;Boas práticas de desenvolvimento (SOLID);Facilidade em trabalhar em equipe;Requisitos Desejáveis:;Conhecimento do ambiente AWS;Conhecimento de MongoDB;Conhecimento de Python Dash;Conhecimento de Plotly;Experiência com Apache Spark;Experiência com a linguagem Ruby;Experiência com OCS Inventory;Experiência com integrações com Sap Business One;Escolaridade Mínima: Ensino Superior;Programação: Python, Ruby;Sistemas Operacionais: Linux, Windows
Desenvolvedor Python - Júnior, Área e especialização profissional: Informática, TI, Telecomunicações - Programador / Desenvolvedor;Nível hierárquico: Analista;Número de vagas: 3;Local de trabalho: São Paulo, SP;Requisitos:;Python;Vue.Js ou React ou Angular 2+;Banco de dados:;SQL ou NoSQL;Mandatório: Inglês Avançado (interação diária com time global);Escolaridade Mínima: Ensino Superior
Desenvolvedor Python Odoo, Área e especialização profissional: Informática, TI, Telecomunicações - Programador / Desenvolvedor;Nível hierárquico: Operacional;Local de trabalho: Jandira, SP;O desenvolvedor será responsável pelo desenvolvimento de sistemas, testes e suporte dos softwares próprios da empresa. Atuar em Internalização de Produto, fazendo manutenção do legado e desenvolvimento de novos sistemas. Banco de dados: PostgreSQL, MySql. Ser especialista em desenvolvimento, programação.;Escolaridade Mínima: Ensino Superior
Desenvolvedor Python E/Ou Scala - Pleno, Área e especialização profissional: Informática, TI, Telecomunicações - Programador / Desenvolvedor;Nível hierárquico: Especialista;Local de trabalho: São Paulo, SP;Experiência:;Mandatório:;·   Experiência em desenvolvimento de software;·   Conhecimento das linguagens Python e/ou Scala (idealmente ambas), além de SQL;·   Experiência com ecossistema Hadoop, em especial Hive e Spark;·   Boa comunicação (para atividades client facing e alinhamento direto com o cliente);Desejável:;·   Kafka (e Spark Streaming) / desenvolvimento de aplicações streaming;·   Experiência no desenvolvimento de aplicações PySpark e Spark com Scala;·   Experiência em engenharia de dados e no desenvolvimento de códigos produtivos de aplicações analíticas e Machine Learning;·   Conhecimento das diferenças do Spark entre versões 1 e 2;·   SCRUM / desenvolvimento ágil (dado que possivelmente estará integrando um time do banco com outros membros usando métodos ágeis);·   Algum conhecimento de Informática Power Center (ou outras ferramentas de ETL).;Escolaridade Mínima: Ensino Superior;Inglês (Intermediário - Requerido);Banco de dados: SQL Server;Programação: Python;Assistência médica, Vale-alimentação, Vale-refeição, Vale-transporte
Desenvolvedor Python - Sênior, Área e especialização profissional: Informática, TI, Telecomunicações - Programador / Desenvolvedor;Nível hierárquico: Especialista;Local de trabalho: São Paulo, SP;Requisitos:;Experiência em desenvolvimento de API/Microserviço em Rest com Django ou Flask;;Python 3;;Testes unitários;;Integração contínua;;Experiência em Cloud, preferência para AWS ou Azure.;Desejável:;Conhecimento em SQL (PostgreSQL) e noSQL.;Local de atuação: Chácara Santo Antonio – São Paulo;Escolaridade Mínima: Ensino Superior
Desenvolvedor De Rpa, Área e especialização profissional: Informática, TI, Telecomunicações - Programador / Desenvolvedor;Nível hierárquico: Analista;Local de trabalho: São Paulo, SP;Hoje estamos com uma posição de Desenvolvedor de RPA.;Atribuições:;Desenvolvimento de RPA utilizando as plataformas de automação mais utilizadas no mercado (UiPath, Automation Anywhere, BluePrism, AutoMate, PegaSystem, NICE, Kryon, entre outras);;Desenvolvimento de RPA utilizando plataformas de automação “Open Source”;;Mapeamento de processos e documentação padrão BPM;;Executar atividades de mapeamento de processos visando o levantamento da situação atual (As-Is), objetivando maior agilidade e assertividade nos processos;;Conceito básico de ferramenta de Gestão da Qualidade (ISO, PDCA, 5W2H, SWOT, Análise de Causa Raiz, Ishikawa, Pareto, FMEA, APR e afins etc.);;Ter atuado em projetos que tenham utilizado metodologias ágeis.;Requisitos:;Superior completo;;Inglês intermediário;;Conhecimento em uma linguagem de programação orientada a objeto (C, Java, HTML, C++, Python, outra.);;Domínio dos ambientes operacionais Microsoft. Desejável Unix/Linux;;Conhecimento de método(s) de gestão de projetos (PMI, Scrum, XPM, Canvas, Prince 2, Caminho Crítico, Kanban, Design thinking, outro);;Tipo de Contratação:;CLT;Benefícios:;VT;;VR/VA;;AM;;AO;;Gympass;;Escolaridade Mínima: Ensino Superior;Assistência médica, Assistência odontológica, Seguro de Vida, Vale-alimentação, Vale-refeição, Vale-transporte
Desenvolvedor Sec - Segurança/Cyber - Barueri, Área e especialização profissional: Informática, TI, Telecomunicações - Programador / Desenvolvedor;Nível hierárquico: Analista;Local de trabalho: São Paulo, SP;Profissionais realizarão coletas de informações através de conexões webs, banco de dados e plataformas do ambiente de segurança, de forma automatizar processos/integrações de Segurança/Cyber;Qualificações:;Competências Técnicas Imprescindíveis;Programador SEC;Linux;Conhecimentos de redes e segurança;DevOps/DevSecOps;Containers;Cloud;Python / Perl;Web front end;JavaScript;Automation/ShellScripts/PowerShell;Ansible, Puppet, Chef;Elk/ElasticSearch;SIEM;Expressão regular;Banco de Dados (MySQL, Postgres );Obrigatório conhecimento em banco de dados, modelagem.;Obrigatório conhecimentos de Power Query.;Excel avançado.;Perfil analítico para analisar e tratar os dados/conectividades;;Desejável conhecimento em automação de processos/ferramentas;;Experiência em desenvolvimento de automação, relatórios, dashboards.;Competências Comportamentais;Capacidade de comunicação interpessoal.;Pró-ativo e com excelente convívio em equipe e relacionamento com pessoas.;Contratação: CLT;Escolaridade Mínima: Ensino Superior
Desenvolvedor De Software, Área e especialização profissional: Informática, TI, Telecomunicações - Programador / Desenvolvedor;Nível hierárquico: Especialista;Local de trabalho: Campinas, SP;O QUE VOCÊ VAI FAZER;Desenhar e implementar projetos inovadores, aplicando seus conhecimentos em análise, design e programação em soluções de software.;Aprimorar arquiteturas de software de produtos de acordo com as demandas da governança corporativa da empresa.;Desenvolver projetos desafiadores que empregam tecnologias disruptivas.;Estudar, aprender e compartilhar em equipe, superando desafios constantes.;Ser parte de um time que respira desenvolvimento tecnológico de soluções inovadoras.;Integrar equipe que é protagonista e referência nos mercados em que atua.;O QUE ESPERAREMOS DE VOCÊ;Entregar, a cada 6 meses, módulo de software inteiramente desenvolvido, completo, operacional, depurado e documentado. Paralelamente à necessidade de se integrarem com conceitos fotônicos, estes módulos de software demandarão também engenharia de BI e/ou possuirão interface de usuário altamente profissional e moderna e/ou envolverão desafios de software e computacionais superiores a estes.;Escolaridade Mínima: Ensino Superior;Inglês (Intermediário);Programação: Java, Python, Ruby;Sistemas Operacionais: Linux;Seguro de Vida, Vale-alimentação
Desenvolvedor Sql - Senior, Área e especialização profissional: Informática, TI, Telecomunicações - Programador / Desenvolvedor;Nível hierárquico: Especialista;Número de vagas: 2;Local de trabalho: São Paulo, SP;Estamos em busca de profissional para atuar no processo de Ingestão, processamento e consumo de dados como parte integrante do nosso time de Big Data.;Conhecimento Exigido:;Spark;Python;SQL;Inicio Imediato.;Escolaridade Mínima: Ensino Superior;Português (Nativo), Inglês (Intermediário), Espanhol (Básico);Programação: Python;Assistência médica, Auxílio Educação, Vale-alimentação, Vale-refeição, Vale-transporte
Desenvolvedor Web, Área e especialização profissional: Informática, TI, Telecomunicações - Programador / Desenvolvedor;Nível hierárquico: Analista;Local de trabalho: São Paulo, SP;Descrição;Criação e manutenção de templates em Wordpress; Criação e manutenção de plugins customizados (ou não) em Wordpress; Otimização de instalações em Wordpress visando a melhor performance; Desenvolvimento de páginas estáticas (Landing Pages) Recorte de emails marketing. Irá atuar com Slim Framework em alguns projetos que geram uma REST API.;Requisitos: HTML5 e CSS (se conhecer SASS é bom); JS (se conhecer ES6 é bom); GIT; PHP e Noções de SEO.;Informações importantes;Frameworks utilizados PHP utilizados: - Slim Framework em alguns projetos que geram uma REST API Diferenciais: - Conhecimento de VueJS - Conhecimento em Digital Ocean - Conhecimento em deploy automatizado - Noções básicas de terminal Linux - Conhecimento em Google Tag Manager (GTM);Escolaridade Mínima: Curso extra-curricular / Profissionalizante;Português (Avançado), Inglês (Intermediário);Banco de dados: Caché, DB2, Firebird, Informix, Interbase, Oracle, PostgreSQL, SQL Server, Sybase;Programação: JavaScript, jQuery, MATLAB, PHP, VB.Net, R, Ruby, Java, Python, HTML, Dot Net, ASP.Net, Cuda extensions, CSS, COBOL, C++, C+, C#, C, Erlang, ASP;Gráficos/Web: Macromedia Fireworks, Macromedia Flash, Macromedia Dreamweaver, Paint Shop Pro, Pixia, Macromedia Freehand, Inkscape, Blender, Expression Web, CorelDraw , Adobe Photoshop, Adobe Ilustrator, 3ds Max, GIMP;Aplicações de Escritório: Microsoft Excel, Microsoft Outlook, Microsoft Word;Sistemas Operacionais: Windows, VMS, UNIX, Solaris, NT 4.0, NetBSD, Linux, JavaOS, IBM OS, FreeBSD, Mac OS;Outros programas: Servidores Proxy, AutoCAD, CRM, Edição de Som, Edição de Video, ERP, Microsoft Project, Selenium, Servidores de E-mail, Servidores Web;Vale-refeição, Vale-transporte
Desenvolvedor Web / Mobile, Área e especialização profissional: Informática, TI, Telecomunicações - Programador / Desenvolvedor;Nível hierárquico: Analista;Local de trabalho: Arujá, SP;Área e especialização profissional: Informática, TI, Telecomunicações - Programador / Desenvolvedor;Nível hierárquico: Analista;Local de trabalho: Arujá / SP;Atividades e Responsabilidades:;Desenvolvimento e manutenção de aplicações web;;Desenvolvimento de aplicativos Mobile;Realizar a manutenção e criação de novas funcionalidades;;Desenvolvimento de funcionalidades no Front-End;;Desenvolvimento de funcionalidades no Back-End;;Aplicar melhores práticas de documentação de código desenvolvido;;Desenvolver e sustentar integrações;;Buscar novas ferramentas e técnicas para a melhoria contínua de nossos sistemas;;Desenvolvimento e manutenção de aplicações mobile;;Experiência com ferramentas de versionamento de código (GIT,...);;Habilidades interpessoais de escrita e de comunicação verbal;;Requisitos técnicos:;Conhecimento básico em Dart;Consumo de dados de API REST;Conhecimento básico ou intermediário em alguma linguagem backend (Java, PHP, Node.js, .NET, Python, etc);Conhecimento avançado em uma das seguintes tecnologias: Android, iOS, Flutter.;Escolaridade Mínima: Curso Técnico;Inglês (Básico);Programação: HTML, JavaScript, PHP, Python
Desenvolvedor (A) Web/Mobile - Front-End, Área e especialização profissional: Informática, TI, Telecomunicações - Programador / Desenvolvedor;Nível hierárquico: Auxiliar;Local de trabalho: Campinas, SP;Responsabilidades: • Profissional irá atuar com desenvolvimento web e mobile; • Desenvolvimento e manutenção de aplicações sistêmicas, web e mobile; • Manutenção e criação de novas funcionalidades; • Desenvolvimento de funcionalidades principalmente front-end; • Desenvolvimento de novos ambientes, utilizando o sistema atual ou novo sistema; • Executar serviços de melhoria contínua em programas já desenvolvidos; • Executar tarefas de análise de bugs, desenvolvimento de correções, configuração e suporte relacionados a sistemas de informação.;Requisitos: Habilidades técnicas indispensáveis: FRONT-END WEB: HTML, CSS, JAVASCRIPT, JQUERY, TAGLIB, JSP, MATERIALIZE, ANGULAR, VUE.JS e REACT. DIFERENCIAL: BACK-END DEVELOPMENT: NETBEANS, JAVA, SQL, JSON, HIBERNATE, JSF/PRIMEFACES, MYSQL e SPRING. Habilidades pessoais: Ser uma pessoa criativa, ágil, proativa, engajada e com espírito de equipe. Experiência necessária: desenvolvedor web. Escolaridade: Graduação em Tecnologia da Informação, Ciência da Computação ou correlatas.;Escolaridade Mínima: Ensino Superior;Banco de dados: Firebird, Oracle, SQL Server, Sybase;Programação: PHP, jQuery, JavaScript, Python, HTML, CSS, Java;Gráficos/Web: Adobe Ilustrator, Adobe Photoshop, CorelDraw;Aplicações de Escritório: Microsoft Access, Microsoft Excel, Microsoft PowerPoint, Microsoft Word, Open Office;Sistemas Operacionais: Linux, Windows;Estacionamento, Vale-transporte
Desenvolvimento De Software - São Paulo - (Junior, Pleno E Sênior), Área e especialização profissional: Informática, TI, Telecomunicações - Programador / Desenvolvedor;Nível hierárquico: Analista;Local de trabalho: Osasco, SP;Os profissionais irão atuar em desenvolvimento de softwares e programação mobile para um renomado Banco de SP. As  são para perfis Junior, Pleno e Sênior, conforme especificação abaixo:;PROGRAMADOR PHP- HTML, TWITTER BOOTSTRAP, JAVASCRIPT, Shell Script (Pleno e Sênior);PROGRAMADOR PHYTON- Shell Script, DJANGO (Junior, Pleno e Sênior);PROGRAMADOR MOBILE- LINUX, API MANAGER (Pleno e Sênior);Programador SQL/ POSTGRESQL - Sênior;Programador MYSQL - Junior;Escolaridade Mínima: Ensino Superior;Banco de dados: PostgreSQL, SQL Server;Programação: HTML, JavaScript, jQuery, PHP, Python;Sistemas Operacionais: Linux
Devops Architect, Área e especialização profissional: Informática, TI, Telecomunicações - Programador / Desenvolvedor;Nível hierárquico: Analista;Local de trabalho: São Paulo, SP;"BD is the leading software development company in the Americas. With more than 1000 employees working on projects around the world, a sustained average annual growth of over 50%, and recognized by Inc. in the Top 10 Silicon Valley fastest-growing private companies, BD is guiding the digital transformation of some of the top companies in the world, such as Google, Rolls-Royce, Pinterest, EY, SiriusXM, Motorola & ViacomCBS.;Recognized by Clutch.co as a Top B2B Technology Services Company, BD has offices across the United States, Canada, Europe, and Latin America and offers an exceptional work environment in which employees can thrive, working in multicultural teams, with flexible schedules and endless growth opportunities.;BD is on a mission to offer world-class Custom Software Development services. The company employs only the Top 1% IT Talent to create solid engineering teams that provide end-to-end delivery of Technology Solutions. Be prepared to work alongside industry leaders on cutting-edge projects in a fast-paced, innovative environment.;We are looking for DevOps Architects to join our Development team and participate in different projects made up of multicultural teams distributed throughout the world. We are looking for proactive people, team players passionate about programming in this language and oriented to provide the best experience to the end user. This is an excellent opportunity for those professionals looking to develop in one of the fastest growing companies in the industry!;These developers will face numerous technical challenges, so they must use current technologies, get involved in the mobile world, web applications, devices, etc.;Main Activities:;Identify and automate solutions to improve the performance, monitoring, scalability, and overall stability of client platform.;Collaborate with engineering teams to support/maintain/design cloud infrastructure.;Work to ensure accuracy of the code build and deployment processes and advancing automation in this space.;Good understanding of issue management systems, project management, and version control (especially git), standard development tools, and engineering process/practices.;What are we looking for:;6+ years of experience working as DevOps.;Strong technical knowledge in technologies such as (but not limited to) UCS, Linux, SAN / NAS, virtualization (Openstack / VMware), and IaaS + PaaS + SaaS.;Development with Shell, Perl, Python.;Knowledge of compilers and accelerators (gmake, emake, etc.).;Strong leadership, and capacity for decision making.;Perks:;Excellent compensation plan, well above the market average.;Possibility of remote work and flexible schedules.;Training plans.;Extensive possibilities for growth and professional development thanks to our mentoring system.;If you are interested in being part of a team composed of the best professionals and working 100% goal-oriented in an innovative environment, do not hesitate to apply!;Escolaridade Mínima: Curso Técnico;Inglês (Avançado - Requerido)
Devops, Área e especialização profissional: Informática, TI, Telecomunicações - Programador / Desenvolvedor;Nível hierárquico: Analista;Local de trabalho: São Paulo, SP;Integração contínua com pipelines jenkins (groovy, shared lib, plugins);;Conteinerização de aplicações;;Orquestração de container com kubernetes e ECS;;Scripting em shell ou python;;IAC com terrafrom cloudformation;;monitoração com new relic ou prometheus + grafana;;Log centralizado com Elk + beats;;Versionamento de codigo com GIT;;AWS (Cloudfront, route53, S3, EC2, ECS, EKS, lambda, ECR, RDS, ELB, SQS, SNS, VPC (networking);;Prodiciência em linux;Escolaridade Mínima: Ensino Superior
Devops Ssr/Sr, Área e especialização profissional: Informática, TI, Telecomunicações - Programador / Desenvolvedor;Nível hierárquico: Analista;Local de trabalho: São Paulo, SP;"BD is the leading software development company in the Americas. With more than 1000 employees working on projects around the world, a sustained average annual growth of over 50%, and recognized by Inc. in the Top 10 Silicon Valley fastest-growing private companies, BD is guiding the digital transformation of some of the top companies in the world, such as Google, Rolls-Royce, Pinterest, EY, SiriusXM, Motorola & ViacomCBS.;Recognized by Clutch.co as a Top B2B Technology Services Company, BD has offices across the United States, Canada, Europe, and Latin America and offers an exceptional work environment in which employees can thrive, working in multicultural teams, with flexible schedules and endless growth opportunities.;BD is on a mission to offer world-class Custom Software Development services. The company employs only the Top 1% IT Talent to create solid engineering teams that provide end-to-end delivery of Technology Solutions. Be prepared to work alongside industry leaders on cutting-edge projects in a fast-paced, innovative environment.;We are looking for DevOps Developers to join our Development team and participate in different projects made up of multicultural teams distributed throughout the world. We are looking for proactive people, team players passionate about programming in this language and oriented to provide the best experience to the end user. This is an excellent opportunity for those professionals looking to develop in one of the fastest growing companies in the industry!;These developers will face numerous technical challenges, so they must use current technologies, get involved in the mobile world, web applications, devices, etc.;Main Activities:;Assist in infrastructure migration process to IaC (Infrastructure as Code).;Build and deploy monitoring and alerting systems across our entire infrastructure.;Complete migration to CI/CD deployment model.;Support integration projects with 3rd party services (Payment Rails, SMS/Email, KYC, Analytics, etc.).;Build, maintain, and own InfoSec compliance efforts by implementing and enforcing appropriate processes and standards across the organization.;What are we looking for:;5+ years of experience working as DevOps.;Strong technical knowledge in technologies such as (but not limited to) UCS, Linux, SAN / NAS, virtualization (Openstack / VMware), and IaaS + PaaS + SaaS.;Development with Shell, Perl, Python.;Knowledge of compilers and accelerators (gmake, emake, etc.).;Strong leadership, and capacity for decision making.;Perks:;Excellent compensation plan, well above the market average.;Possibility of remote work and flexible schedules.;Training plans.;Extensive possibilities for growth and professional development thanks to our mentoring system.;If you are interested in being part of a team composed of the best professionals and working 100% goal-oriented in an innovative environment, do not hesitate to apply!;Escolaridade Mínima: Curso Técnico;Inglês (Avançado - Requerido)
Devops Tech Lead, Área e especialização profissional: Informática, TI, Telecomunicações - Programador / Desenvolvedor;Nível hierárquico: Analista;Local de trabalho: São Paulo, SP;"BD is the leading software development company in the Americas. With more than 1000 employees working on projects around the world, a sustained average annual growth of over 50%, and recognized by Inc. in the Top 10 Silicon Valley fastest-growing private companies, BD is guiding the digital transformation of some of the top companies in the world, such as Google, Rolls-Royce, Pinterest, EY, SiriusXM, Motorola & ViacomCBS.;Recognized by Clutch.co as a Top B2B Technology Services Company, BD has offices across the United States, Canada, Europe, and Latin America and offers an exceptional work environment in which employees can thrive, working in multicultural teams, with flexible schedules and endless growth opportunities.;BD is on a mission to offer world-class Custom Software Development services. The company employs only the Top 1% IT Talent to create solid engineering teams that provide end-to-end delivery of Technology Solutions. Be prepared to work alongside industry leaders on cutting-edge projects in a fast-paced, innovative environment.;We are looking for DevOps Tech Leads to join our Development team and participate in different projects made up of multicultural teams distributed throughout the world. We are looking for proactive people, team players passionate about programming in this language and oriented to provide the best experience to the end user. This is an excellent opportunity for those professionals looking to develop in one of the fastest growing companies in the industry!;These developers will face numerous technical challenges, so they must use current technologies, get involved in the mobile world, web applications, devices, etc.;Main Activities:;Experience using DevOps toolsets/mindset, including CI/CD, configuration management and containerization.;Create full SDLC DevOps platforms.;Leading teams in an engineering capacity.;Create large-scale blueprints and roadmaps, including current & future states for infrastructure technology.;What are we looking for:;7+ years of experience working as DevOps.;Strong technical knowledge in technologies such as (but not limited to) UCS, Linux, SAN / NAS, virtualization (Openstack / VMware), and IaaS + PaaS + SaaS.;Development with Shell, Perl, Python.;Knowledge of compilers and accelerators (gmake, emake, etc.).;Strong leadership, and capacity for decision making.;Good communication and interpersonal relationships and be result-oriented.;Implement creative solutions that expand the range of services.;Perks:;Excellent compensation plan, well above the market average.;Possibility of remote work and flexible schedules.;Training plans.;Extensive possibilities for growth and professional development thanks to our mentoring system.;If you are interested in being part of a team composed of the best professionals and working 100% goal-oriented in an innovative environment, do not hesitate to apply!;Escolaridade Mínima: Curso Técnico;Inglês (Avançado - Requerido)
Etl Developer, Área e especialização profissional: Informática, TI, Telecomunicações - Programador / Desenvolvedor;Nível hierárquico: Analista;Local de trabalho: São Paulo, SP;BD is the leading software development company in the Americas. With more than 1000 employees working on projects around the world, a sustained average annual growth of over 50%, and recognized by Inc. in the Top 10 Silicon Valley fastest-growing private companies, BD is guiding the digital transformation of some of the top companies in the world, such as Google, Rolls-Royce, Pinterest, EY, SiriusXM, Motorola & ViacomCBS.;Recognized by Clutch.co as a Top B2B Technology Services Company, BD has offices across the United States, Canada, Europe, and Latin America and offers an exceptional work environment in which employees can thrive, working in multicultural teams, with flexible schedules and endless growth opportunities.;BD is on a mission to offer world-class Custom Software Development services. The company employs only the Top 1% IT Talent to create solid engineering teams that provide end-to-end delivery of Technology Solutions. Be prepared to work alongside industry leaders on cutting-edge projects in a fast-paced, innovative environment.;We are looking for ETL Developers to join our Development team and participate in different projects made up of multicultural teams distributed throughout the world. We are looking for proactive people, team players passionate about programming in this language and oriented to provide the best experience to the end user. This is an excellent opportunity for those professionals looking to develop in one of the fastest growing companies in the industry!;These developers will face numerous technical challenges, so they must use current technologies, get involved in the mobile world, web applications, devices, etc.;Main Activities:;Design and develop (enhancements and maintenance) new ETL Solutions.;Improve slow running jobs with the help of redesign and better ETL processes to meet business needs.;Support the team to design, model, develop, and maintain existing and new SQL databases objects required for all business solutions.;What are we looking for:;5+ years of experience in ETL Solutions development and expertise in designing and implementing Relational Database models per business needs.;Experience in Database Development, Design, Analysis, Support in Development, Testing and Production Environments with various business domains.;Python experience is a big plus.;Bachelor's Degree in Computer Science or equivalent is highly desirable.;Perks:;Excellent compensation plan, well above the market average.;Possibility of remote work and flexible schedules.;Training plans.;Extensive possibilities for growth and professional development thanks to our mentoring system.;If you are interested in being part of a team composed of the best professionals and working 100% goal-oriented in an innovative environment, do not hesitate to apply!;Escolaridade Mínima: Curso Técnico;Inglês (Avançado - Requerido)
Instrutor Programador De Games, Área e especialização profissional: Informática, TI, Telecomunicações - Programador / Desenvolvedor;Nível hierárquico: Operacional;Local de trabalho: Barueri, SP;"Estamos com  para trabalhar como Instrutor(a) de Programação e Robótica em nossa unidade de ALPHAVILLE;Se você é uma pessoa comunicativa, gosta de crianças e gosta de transmitir o seu conhecimento, venha fazer parte da família SuperGeeks. Temos  para perfil júnior e pleno.;O Instrutor(a) dará aulas para crianças de 5 até 17 anos, por isso, precisamos de pessoas que gostem de crianças e adolescentes e tenham grande responsabilidade.;Se você tem paixão por tecnologia, gosta de aprender e ensinar, tem bons conhecimento em ao menos uma linguagem de Programação, candidate-se imediatamente.";Exigências;1.	Escolaridade Mínima: Concluído ou cursando Faculdade de Jogos Digitais ou ADS;2.	Conhecimentos em Linguagem de programação – Construct 3, Scratch, Python, Unith, Unreal, Java e Arduino;Escolaridade Mínima: Ensino Superior;Programação: C#, C+, CSS, HTML, JavaScript, Python, Ruby
Programador Back-End - Home Office, Área e especialização profissional: Informática, TI, Telecomunicações - Programador / Desenvolvedor;Nível hierárquico: Analista;Local de trabalho: São Paulo, SP;Manter e implementar melhorias na plataforma, necessário ter conhecimento e experiência conforme abaixo: Linux, CI / CD, PHP 7, Laravel 5.4, Git Flow e MySQL. Necessário ter conhecimento / experiência com as linguagens de programação e atividades descritas.;Regime;Escolaridade Mínima: Ensino Superior;Banco de dados: Caché, SQL Server, PostgreSQL, Oracle, Sybase, Informix, Firebird, DB2, Interbase;Programação: HTML, R, Python, PHP, MATLAB, jQuery, JavaScript, Java, Erlang, C++, Cuda extensions, CSS, COBOL, Ruby, C+, C#, C, ASP.Net, ASP, Dot Net, VB.Net
Programador Front End - Pleno, Área e especialização profissional: Informática, TI, Telecomunicações - Programador / Desenvolvedor;Nível hierárquico: Especialista;Local de trabalho: São Paulo, SP;Descrição:;Irá programar interfaces de web e ferramentas de edição de imagem. Executa a manutenção dos sistemas, fazendo eventuais correções necessárias. Desenvolve trabalhos de montagem, depuração e testes de programas, executando serviços de manutenção nos programas já desenvolvidos.;Qualificação:;Competências técnicas necessárias: Experiência de pelo menos 5 anos, HTML 5.0, CSS 3.0, React (Mandatório), Javascript, Trabalhado com TDD;Conhecimento desejável: Conhecimento de UX, Conhecimento de projetos ágeis Scrum, Conhecimento de Python e seus frameworks webs: Django ou Flask é um diferencial.;Formação:;Nível superior em algum curso de tecnologia concluído ou próximo do término.;Local de trabalho:;São Paulo / SP;Escolaridade Mínima: Ensino Superior
Programador Java, Área e especialização profissional: Informática, TI, Telecomunicações - Programador / Desenvolvedor;Nível hierárquico: Especialista;Local de trabalho: São Paulo, SP;Conhecimento da linguagem Java, JPA/ Hibernate, bancos de dados relacionais, MVC/Bootstrap HTML5, Java Script, APls Rest;;Conhecimento de padrões de projeto;;Experiência comprovada de 3 anos no desenvolvimento de sistemas na linguagem Java.;Ensino Superior Completo em Engenharia da Computação ou Análises de Sistemas.;Inglês Intermediário.;Escolaridade Mínima: Ensino Superior;Português (Nativo), Inglês (Intermediário);Programação: ASP, Ruby, ASP, ASP.Net, C, C#, C+, C++, COBOL, VB.Net, CSS, Dot Net, Erlang, HTML, Java, JavaScript, jQuery, MATLAB, PHP, Cuda extensions, Python, R, Java, Cuda extensions, Dot Net, Erlang, HTML, C++, JavaScript, jQuery, MATLAB, PHP, Python, R, Ruby, C+, C#, C, VB.Net, ASP.Net, CSS, COBOL;Aplicações de Escritório: Microsoft PowerPoint, LibreOffice, Lotus Notes, Microsoft Access, Microsoft Outlook, Microsoft Word, Microsoft Excel, StarOffice, Open Office, Microsoft Word, Microsoft PowerPoint, Microsoft Outlook, Microsoft Excel, Microsoft Access, Lotus Notes, LibreOffice, Open Office, StarOffice
Programador  Java Junior - Av. Rebouças - Sp, Área e especialização profissional: Informática, TI, Telecomunicações - Programador / Desenvolvedor;Nível hierárquico: Analista;Número de vagas: 4;Local de trabalho: São Paulo, SP;desenvolvimento web em Java (Vraptor, Spring, ...) hibernate tanto para back-end como para front-end (full-stack);;Escolaridade Mínima: Ensino Superior;Programação: Java, JavaScript, Python
Programador Java Junior, Área e especialização profissional: Informática, TI, Telecomunicações - Análise de Sistema;Nível hierárquico: Estagiário;Local de trabalho: Jundiaí, SP;Profissional atuará como Desenvolvedor com foco em Java, É necessário possuir o conhecimento com as seguintes tecnologias: Git, Spring Framework, Spring Boot, SpringMVC, Spring Batch, PL/SQL, conhecimentos em metodologias ágeis. Conhecimento em Java, JSF, JPA, J2EE, Primefaces, Weblogic, GIT, Maven, Spring, Spring Boot, PL SQL.;Escolaridade Mínima: Ensino Superior;Inglês (Intermediário);Banco de dados: Oracle, PostgreSQL, SQL Server;Programação: ASP.Net, C#, C+, Dot Net, HTML, Java, JavaScript, jQuery, Python, VB.Net;Sistemas Operacionais: JavaOS, Linux, Windows;Vale-transporte
Programador Junior (Python), Área e especialização profissional: Administração - Administração Geral;Nível hierárquico: Operacional;Local de trabalho: São Paulo, SP;Estamos buscando um Programador Jr que seja fera em Python para compor nossa equipe da Stefanini.;Se você tem o que a gente precisa, gosta de desafios e da oportunidade de trabalhar com tecnologias de ponta no mercado;Requisitos:;· Ensino superior completo ou em andamento;;· Mínimo 6 meses (desejável 1 ano) de experiência com desenvolvimento Python.;Conhecimentos necessários para desempenhar a função:;· Desenvolvimento Python;;· Conhecimento básico de notação SQL para escrita de queries;;· Conhecimento básico em modelagem de dados (MER).;Conhecimentos desejáveis (diferenciais):;· Conhecimento básico em cloud (AWS);· Conhecimento básico em Serverless, Pipenv.;· Conhecimento básico em banco de dados relacionais ou NoSQL (Elasticsearch, Dynamodb, Redshift);;· Conhecimento básico de ETL, BI, Data lake, Big Data, análise de dados;;· Conhecimento sobre metodologia de gestão ágil (Scrum, Kanban) e/ou tradicional (RUP).
Programador Php, Área e especialização profissional: Informática, TI, Telecomunicações - Programador / Desenvolvedor;Nível hierárquico: Assistente;Local de trabalho: São Paulo, SP;Programar, desenvolver e implantar sistemas em linguagem PHP. Realizar correções em sistemas para atender as necessidades dos clientes / usuários.;Experiência em Laravel. Conhecimentos em Orientação a Objetos. Conhecimentos em PHP, MySQL, Experiência na construção de APIs REST. Experiência nas plataformas PHP, HTML, JavaScript, CSS3 e SQL (MySQL). Ter excelente comunicação, dinamismo e facilidade para integração com equipes em pleno desenvolvimento de projetos. Pontualidade. Cumprir prazos e metas.;Ensino Superior completo ou cursando, na área de Tecnologia da Informação.;Escolaridade Mínima: Ensino Superior;Banco de dados: Oracle, PostgreSQL, SQL Server;Programação: HTML, Java, JavaScript, PHP, Python;Sistemas Operacionais: Linux;Outros programas: Servidores Web;Ajuda de custo, Auxílio combustível, Bônus por resultado, Vale-alimentação
Programador Python, Área e especialização profissional: Informática, TI, Telecomunicações - Programador / Desenvolvedor;Nível hierárquico: Especialista;Local de trabalho: São Paulo, SP;Descrição:;Irá atuar no desenvolvimento e manutenção de software utilizando linguagem Python a com banco de dados padrão SQL ou similar.;Disponibilidade para viagens.;Qualificação:;Conhecimento da plataforma Raspberry Py. Experiência anterior no setor de automação comercial ou controle de acesso.;Idiomas:;Inglês - Básico;Formação:;Ensino superior completo.;Local de Trabalho:;São Paulo / SP - 1;Escolaridade Mínima: Ensino Superior
Programador Python Pleno, Área e especialização profissional: Informática, TI, Telecomunicações - TI;Nível hierárquico: Operacional;Local de trabalho: São Paulo, SP;Responsabilidades:;Profissional será responsável pela análise e desenvolvimento de sistemas, realizando programação no Backend em linguagem Python.;Responsável pelo desenvolvimento de sistemas legados e implementação de novas funcionalidades, adaptando soluções para atender as necessidades dos sistemas.;Requisitos:;Experiência em desenvolvimento de software backend.;Tecnologias: Python, framework Django, banco de dados MySQL, Rest API, Docker, arquitetura de microsserviços, Linux e testes Unitários.;Desejável: Conhecimentos em AWS, arquitetura orientada a eventos, Blockchain, Kubernetes, gestão e configuração de sistemas e experiência anterior no mercado de Exchange.;Perfil Comportamental:;Perfil flexível – facilidade de atuação em diferentes processos e metodologia de trabalho;;Senso crítico – capacidade de definir melhores métricas e soluções;;Facilidade de trabalhar em equipe.;Escolaridade Mínima: Ensino Superior
Programador Web, Área e especialização profissional: Informática, TI, Telecomunicações - Programador / Desenvolvedor;Nível hierárquico: Especialista;Local de trabalho: São Paulo, SP;C (framework 4.5 ou superior);;ASP.NET;;TDD;;DDD;;SQL Server 2014;;API, WebService, XML;;Windows service;;MVC,;JavaScript – JQUERY;;Ajax;;Orientação a objetos;;Bootstrap;;Visual Studio;Escolaridade Mínima: Ensino Superior;Português (Nativo);Programação: ASP, VB.Net, Ruby, R, Python, PHP, MATLAB, JavaScript, Java, HTML, jQuery, Dot Net, Erlang, C, C#, C+, ASP.Net, COBOL, CSS, Cuda extensions, C++;Aplicações de Escritório: Open Office, LibreOffice, Lotus Notes, Microsoft Access, Microsoft Excel, Microsoft Outlook, Microsoft PowerPoint, Microsoft Word, StarOffice
Programador - Web, Área e especialização profissional: Informática, TI, Telecomunicações - Programador / Desenvolvedor;Nível hierárquico: Especialista;Local de trabalho: São Paulo, SP;Desenvolvimento de aplicações Web / Desktop. Implementação das funcionalidades levantadas pelo departamento de análise. Integração de Sistemas. Automação de Processos. Desenvolvimento de webservices. Manutenção em aplicações existentes. Análise de causa raiz dos problemas reportados.;Escolaridade Mínima: Ensino Superior;Português (Nativo), Inglês (Intermediário);Programação: HTML, Java, JavaScript, PHP, Python;Gráficos/Web: Adobe Ilustrator, Adobe Photoshop, Macromedia Dreamweaver;Sistemas Operacionais: Linux, Windows
Programador Web - Junior Ou Pleno, Área e especialização profissional: Informática, TI, Telecomunicações - Programador / Desenvolvedor;Nível hierárquico: Analista;Número de vagas: 2;Local de trabalho: Osasco, SP;É necessário ter experiência no desenvolvimento WEB, usando PHP, bem como conhecimentos aprofundados em:;PHP, Html, JavaScript e CSS, OOP (Programação Orientação a Objetos);;FrameWorks (Laravel, CodeIgniter, Symfony);;Arquitetura MVC, Cliente Servidor;;WebServices, API REST, SOAP;;Protocolos HTTP e HTTPS;;Banco de dados relacionais (MySQL, SQL Server, SQLite, Oracle) e não relacionais (MongoDB);;UX (Experiência do Usuário) e UI (Interface do Usuário);;Metodologia de teste de software, metodologias ágeis.;Escolaridade Mínima: Ensino Superior;Português (Intermediário), Inglês (Intermediário);Banco de dados: Caché, DB2, Firebird, Informix, Interbase, Oracle, PostgreSQL, SQL Server, Sybase;Programação: Java, JavaScript, jQuery, MATLAB, VB.Net, Python, Ruby, HTML, PHP, Erlang, R, Cuda extensions, CSS, COBOL, C++, C+, C#, C, ASP.Net, ASP, Dot Net;Gráficos/Web: Pixia, Paint Shop Pro, Macromedia Freehand, Macromedia Flash, Macromedia Fireworks, Macromedia Dreamweaver, Inkscape, Expression Web, CorelDraw , Blender, Adobe Photoshop, Adobe Ilustrator, 3ds Max, GIMP;Sistemas Operacionais: UNIX, Solaris, NT 4.0, NetBSD, IBM OS, Linux, JavaOS, FreeBSD, VMS, Mac OS, Windows;Assistência médica, Assistência odontológica, Comissões, Participação nos lucros, Seguro de Vida, Vale-alimentação, Vale-refeição, Vale-transporte
Python Architect, Área e especialização profissional: Informática, TI, Telecomunicações - Programador / Desenvolvedor;Nível hierárquico: Analista;Local de trabalho: São Paulo, SP;BD is the leading software development company in the Americas. With more than 1000 employees working on projects around the world, a sustained average annual growth of over 50%, and recognized by Inc. in the Top 10 Silicon Valley fastest-growing private companies, BD is guiding the digital transformation of some of the top companies in the world, such as Google, Rolls-Royce, Pinterest, EY, SiriusXM, Motorola & ViacomCBS.;Recognized by Clutch.co as a Top B2B Technology Services Company, BD has offices across the United States, Canada, Europe, and Latin America and offers an exceptional work environment in which employees can thrive, working in multicultural teams, with flexible schedules and endless growth opportunities.;BD is on a mission to offer world-class Custom Software Development services. The company employs only the Top 1% IT Talent to create solid engineering teams that provide end-to-end delivery of Technology Solutions. Be prepared to work alongside industry leaders on cutting-edge projects in a fast-paced, innovative environment.;We are looking for Python Architects to join our Development team and participate in different projects made up of multicultural teams distributed throughout the world. We are looking for proactive people, team players passionate about programming in this language and oriented to provide the best experience to the end user. This is an excellent opportunity for those professionals looking to develop in one of the fastest growing companies in the industry!;These developers will face numerous technical challenges, so they must use current technologies, get involved in the mobile world, web applications, devices, etc.;Main Activities:;Take full control of the projects in development.;Assemble, together with the product owner, the architecture plan (includes database model) and project development, including objectives with deadlines and clear metrics that will be periodically reviewed.;Perform, when necessary, the functional analysis of user requirements, as a link between the client and the development team.;Coordinate the team to achieve the objectives set in a timely manner. Human resources management including interview and hiring processes.;What are we looking for:;6+ years of practical experience in Python and Django development.;Experience in development with object-oriented programming is desirable.;3 years of development using other programming languages.;Good skills with XML and relational databases (Oracle / MS SQL / MySQL).;Experience with OOD.;Perks:;Excellent compensation plan, well above the market average.;Possibility of remote work and flexible schedules.;Training plans.;Extensive possibilities for growth and professional development thanks to our mentoring system.;If you are interested in being part of a team composed of the best professionals and working 100% goal-oriented in an innovative environment, do not hesitate to apply!;Escolaridade Mínima: Curso Técnico;Inglês (Avançado - Requerido)
Python + React Developer, Área e especialização profissional: Informática, TI, Telecomunicações - Programador / Desenvolvedor;Nível hierárquico: Analista;Local de trabalho: São Paulo, SP;"BD is the leading software development company in the Americas. With more than 1000 employees working on projects around the world, a sustained average annual growth of over 50%, and recognized by Inc. in the Top 10 Silicon Valley fastest-growing private companies, BD is guiding the digital transformation of some of the top companies in the world, such as Google, Rolls-Royce, Pinterest, EY, SiriusXM, Motorola & ViacomCBS.;Recognized by Clutch.co as a Top B2B Technology Services Company, BD has offices across the United States, Canada, Europe, and Latin America and offers an exceptional work environment in which employees can thrive, working in multicultural teams, with flexible schedules and endless growth opportunities.;BD is on a mission to offer world-class Custom Software Development services. The company employs only the Top 1% IT Talent to create solid engineering teams that provide end-to-end delivery of Technology Solutions. Be prepared to work alongside industry leaders on cutting-edge projects in a fast-paced, innovative environment.;We are looking for Python Developers to join our Development team and participate in different projects made up of multicultural teams distributed throughout the world. This is an excellent opportunity for those professionals looking to develop in one of the fastest growing companies in the industry!;Main Activities:;Create automation systems and tools to configure, monitor, and orchestrate data infrastructure and pipelines.;Create data integration services to help onboard new customers as quickly as possible.;Maintain ongoing reliability, performance, and support of the data infrastructure, providing solutions based on application needs and anticipated growth.;What are we looking for:;5+ years of practical experience in Python and Django development.;Good skills with XML and relational databases (Oracle / MS SQL / MySQL).;Strong professional experience working with large data structures (including XML) and algorithms.;4+ years of experience in Front End development with strong skills in Javascript, CSS3 and HTML5.;1+ year of experience developing Web applications using ReactJS, Flux, Redux, Relay, etc.;Experience with other Javascript Frameworks such as Angular, Backbone, Marionette.;Experience using ES2015 (ES6 / ES7).;Perks:;Work from home with flexible schedules.;Excellent compensation plan, well above the market average.;Extensive possibilities for growth and professional development thanks to our mentoring system.;At BD, remote work is at our core. Enjoy the opportunity to have a dynamic lifestyle, better health, and wellness. Find renewed passion in your job, improve your productivity, and benefit from attractive growth opportunities for your career.;If you are interested in being part of a team composed of the best professionals and working 100% goal-oriented in an innovative environment, do not hesitate to apply!;Escolaridade Mínima: Curso Técnico;Inglês (Avançado - Requerido)
Python Ssr/Sr, Área e especialização profissional: Informática, TI, Telecomunicações - Programador / Desenvolvedor;Nível hierárquico: Analista;Local de trabalho: São Paulo, SP;BD is the leading software development company in the Americas. With more than 1000 employees working on projects around the world, a sustained average annual growth of over 50%, and recognized by Inc. in the Top 10 Silicon Valley fastest-growing private companies, BD is guiding the digital transformation of some of the top companies in the world, such as Google, Rolls-Royce, Pinterest, EY, SiriusXM, Motorola & ViacomCBS.;Recognized by Clutch.co as a Top B2B Technology Services Company, BD has offices across the United States, Canada, Europe, and Latin America and offers an exceptional work environment in which employees can thrive, working in multicultural teams, with flexible schedules and endless growth opportunities.;BD is on a mission to offer world-class Custom Software Development services. The company employs only the Top 1% IT Talent to create solid engineering teams that provide end-to-end delivery of Technology Solutions. Be prepared to work alongside industry leaders on cutting-edge projects in a fast-paced, innovative environment.;We are looking for Python Developers to join our Development team and participate in different projects made up of multicultural teams distributed throughout the world. We are looking for proactive people, team players passionate about programming in this language and oriented to provide the best experience to the end user. This is an excellent opportunity for those professionals looking to develop in one of the fastest growing companies in the industry!;These developers will face numerous technical challenges, so they must use current technologies, get involved in the mobile world, web applications, devices, etc.;Main Activities:;Create automation systems and tools to configure, monitor, and orchestrate data infrastructure and pipelines.;Create data integration services to help onboard new customers as quickly as possible.;Maintain ongoing reliability, performance, and support of the data infrastructure, providing solutions based on application needs and anticipated growth.;What are we looking for:;5+ years of practical experience in Python and Django development.;Experience in development with object-oriented programming is desirable.;3 years of development using other programming languages.;Good skills with XML and relational databases (Oracle / MS SQL / MySQL).;Strong professional experience working with large data structures (including XML) and algorithms.;Perks:;Excellent compensation plan, well above the market average.;Possibility of remote work and flexible schedules.;Training plans.;Extensive possibilities for growth and professional development thanks to our mentoring system.;If you are interested in being part of a team composed of the best professionals and working 100% goal-oriented in an innovative environment, do not hesitate to apply!;Escolaridade Mínima: Curso Técnico;Inglês (Avançado - Requerido)
Python + Vuejs Developer, Área e especialização profissional: Informática, TI, Telecomunicações - Programador / Desenvolvedor;Nível hierárquico: Analista;Local de trabalho: São Paulo, SP;"BD is the leading software development company in the Americas. With more than 1000 employees working on projects around the world, a sustained average annual growth of over 50%, and recognized by Inc. in the Top 10 Silicon Valley fastest-growing private companies, BD is guiding the digital transformation of some of the top companies in the world, such as Google, Rolls-Royce, Pinterest, EY, SiriusXM, Motorola & ViacomCBS.;Recognized by Clutch.co as a Top B2B Technology Services Company, BD has offices across the United States, Canada, Europe, and Latin America and offers an exceptional work environment in which employees can thrive, working in multicultural teams, with flexible schedules and endless growth opportunities.;BD is on a mission to offer world-class Custom Software Development services. The company employs only the Top 1% IT Talent to create solid engineering teams that provide end-to-end delivery of Technology Solutions. Be prepared to work alongside industry leaders on cutting-edge projects in a fast-paced, innovative environment.;We are looking for Python Developers to join our Development team and participate in different projects made up of multicultural teams distributed throughout the world. This is an excellent opportunity for those professionals looking to develop in one of the fastest growing companies in the industry!;These developers will face numerous technical challenges, so they must use current technologies, get involved in the mobile world, web applications, devices, etc.;Main Activities:;Create automation systems and tools to configure, monitor, and orchestrate data infrastructure and pipelines.;Create data integration services to help onboard new customers as quickly as possible.;Developing, and testing UI for desktop and responsive websites.;Build reusable code and libraries for future use.;Accurately translate user and business needs into functional frontend code.;What are we looking for:;5+ years of practical experience in Python and Django development.;Experience in development with object-oriented programming is desirable.;Good skills with XML and relational databases (Oracle / MS SQL / MySQL).;Strong professional experience working with large data structures (including XML) and algorithms.;4+ years of experience in  Vue.Js development.;Experienced in service integrations (Web Services, CMS / Commerce systems, 3rd party APIs, etc).;Perks:;Work from home with flexible schedules.;Excellent compensation plan, well above the market average.;Training plans.;Extensive possibilities for growth and professional development thanks to our mentoring system.;If you are interested in being part of a team composed of the best professionals and working 100% goal-oriented in an innovative environment, do not hesitate to apply!;Escolaridade Mínima: Curso Técnico;Inglês (Avançado - Requerido)
Qa Automation Leader, Área e especialização profissional: Informática, TI, Telecomunicações - Programador / Desenvolvedor;Nível hierárquico: Analista;Local de trabalho: São Paulo, SP;BD is the leading software development company in the Americas. With more than 1000 employees working on projects around the world, a sustained average annual growth of over 50%, and recognized by Inc. in the Top 10 Silicon Valley fastest-growing private companies, BD is guiding the digital transformation of some of the top companies in the world, such as Google, Rolls-Royce, Pinterest, EY, SiriusXM, Motorola & ViacomCBS.;Recognized by Clutch.co as a Top B2B Technology Services Company, BD has offices across the United States, Canada, Europe, and Latin America and offers an exceptional work environment in which employees can thrive, working in multicultural teams, with flexible schedules and endless growth opportunities.;BD is on a mission to offer world-class Custom Software Development services. The company employs only the Top 1% IT Talent to create solid engineering teams that provide end-to-end delivery of Technology Solutions. Be prepared to work alongside industry leaders on cutting-edge projects in a fast-paced, innovative environment.;We are looking for QA Automation profiles to join our Analyst team and participate in different projects made up of multicultural teams distributed throughout the world. We are looking for proactive people, team players passionate about programming in this language and oriented to provide the best experience to the end user. This is an excellent opportunity for those professionals looking to develop in one of the fastest growing companies in the industry!;These developers will face numerous technical challenges, so they must use current technologies, get involved in the mobile world, web applications, devices, etc.;Main Activities:;Work closely with developers to create test cases, design test plans, and automate test cases for the verification of product functionality.;Work closely with developers Product Owners & Scrum Masters to review product requirements and design.;Manage and track Bugs and Enhancements (via JIRA and applicable tools).;Investigate and analyze product defects.;Develop and implement the Test Automation strategy.;Generate API Level Automated Test Scripts using various technologies and tools.;What are we looking for:;7+ years of experience in automated testing.;Good skills with C, C ++, Java and Python.;Deep knowledge of Unix and Linux environments.;Good command of both written and spoken English for daily work.;Perks:;Excellent compensation plan, well above the market average.;Possibility of remote work and flexible schedules.;Training plans.;Extensive possibilities for growth and professional development thanks to our mentoring system.;If you are interested in being part of a team composed of the best professionals and working 100% goal-oriented in an innovative environment, do not hesitate to apply!;Escolaridade Mínima: Curso Técnico;Inglês (Avançado - Requerido)
